"COURSE","ITYPE","SECTION","SUFFIX","EXTERNAL_ID","DATE_PATTERN","DAY","START_TIME","END_TIME","ROOM","INSTRUCTOR","SCHEDULE_NOTE"
"CS AI","Lec  ","1","","1","Full Term","MTTh","10:30a","11:30a","AC NC-10","Vahida Attar","TY-Div1"
"CS AI","Lec  ","2","","2","Full Term","MWTh","3:30p","4:30p","AC NC-09","Anish Khobragade","TY-Div2"
"CS AI","Lab  ","1","","1","Full Term","W","12:30p","2:30p","AC AC-203NC-07","Vahida Attar","TY1-T1"
"CS AI","Lab  ","2","","2","Full Term","W","2:30p","4:30p","AC NC-08","Vahida Attar","TY1-T2"
"CS AI","Lab  ","3","","3","Full Term","F","1:30p","3:30p","AC NC-14","Vahida Attar","TY1-T3"
"CS AI","Lab  ","4","","4","Full Term","F","10:30a","12:30p","AC AC-201NC-05","Vahida Attar","TY1-T4"
"CS AI","Lab  ","5","","5","Full Term","F","3:30p","5:30p","AC NC-11","Vahida Attar","TY1-T5"
"CS AI","Lab  ","6","","6","Full Term","F","8:30a","10:30a","AC AC-203NC-07","Anish Khobragade","TY2-T1"
"CS AI","Lab  ","7","","7","Full Term","T","2:30p","4:30p","CSED DML","Anish Khobragade","TY2-T2"
"CS AI","Lab  ","8","","8","Full Term","T","10:30a","12:30p","ENTCX SH","Anish Khobragade","TY2-T3"
"CS AI","Lab  ","9","","9","Full Term","Th","10:30a","12:30p","ENTCX SH","Anish Khobragade","TY2-T4"
"CS AI","Lab  ","10","","10","Full Term","Th","1:30p","3:30p","AC NC-13","Anish Khobragade","TY2-T5"
"CS AI","Lab  ","11","","11","Full Term","M","10:30a","12:30p","AC AC-202NC-06","Anish Khobragade","TY2-T6"
"CS AIMA","Lec  ","1","","1","Full Term","MTTh","1:30p","2:30p","AC NC-02","Ashwini Gavade","FY-AIMA1"
"CS AIMA","Lec  ","2","","2","Full Term","MTTh","9:30a","10:30a","AC NC-02","Swati Atone","FY-AIMA2"
"CS AIMA","Lec  ","3","","3","Full Term","MTTh","3:30p","4:30p","AC NC-02","Pranoti Patil","FY-AIMA3"
"CS CN","Lec  ","1","","1","Full Term","MWF","2:30p","3:30p","AC NC-10","Satish Kumbhar","TY-Div1"
"CS CN","Lec  ","2","","2","Full Term","TThF","8:30a","9:30a","AC NC-09","Satish Kumbhar","TY-Div2"
"CS CN","Lab  ","1","","1","Full Term","Th","2:30p","4:30p","CSED DML","Satish Kumbhar","TY1-T1"
"CS CN","Lab  ","2","","2","Full Term","Th","12:30p","2:30p","CSED DML","Satish Kumbhar","TY1-T2"
"CS CN","Lab  ","3","","3","Full Term","W","3:30p","5:30p","AC NC-14","Satish Kumbhar","TY1-T3"
"CS CN","Lab  ","4","","4","Full Term","T","2:30p","4:30p","AC AC-203NC-07","Satish Kumbhar","TY1-T4"
"CS CN","Lab  ","5","","5","Full Term","M","12:30p","2:30p","AC AC-203NC-07","Riti Thakor","TY1-T5"
"CS CN","Lab  ","6","","6","Full Term","M","2:30p","4:30p","CSED DML","Siddharth Gaikwad","TY2-T1"
"CS CN","Lab  ","7","","7","Full Term","T","10:30a","12:30p","CSED DML","Vinod Pachghare","TY2-T2"
"CS CN","Lab  ","8","","8","Full Term","M","10:30a","12:30p","ONL online1","Siddharth Gaikwad","TY2-T3"
"CS CN","Lab  ","9","","9","Full Term","T","12:30p","2:30p","AC AC-203NC-07","Siddharth Gaikwad","TY2-T4"
"CS CN","Lab  ","10","","10","Full Term","F","4:30p","6:30p","AC NC-08","Siddharth Gaikwad","TY2-T5"
"CS CN","Lab  ","11","","11","Full Term","F","11:30a","1:30p","BHAU Bhau2","Vinod Pachghare","TY2-T6"
"CS CO","Lec  ","1","","1","Full Term","TWTh","1:30p","2:30p","AC NC-10","Amit Joshi","SY-Div1"
"CS CO","Lec  ","2","","2","Full Term","MTW","3:30p","4:30p","AC NC-10","Amit Joshi","SY-Div2"
"CS CoI","Lec  ","1","","1","Full Term","ThF","9:30a","10:30a","AC NC-10","Constitution Teacher1","SY-Div1"
"CS CoI","Lec  ","2","","2","Full Term","TTh","12:30p","1:30p","AC NC-10","Constitution Teacher1","SY-Div2"
"CS DAA","Lec  ","1","","1","Full Term","MTW","8:30a","9:30a","AC NC-10","Sujata Sonawane","TY-Div1"
"CS DAA","Lec  ","2","","2","Full Term","MTW","9:30a","10:30a","AC NC-10","Aparna Biswas","TY-Div2"
"CS DAA","Lab  ","1","","1","Full Term","W","3:30p","5:30p","CSED DML","Sujata Sonawane","TY1-T1"
"CS DAA","Lab  ","2","","2","Full Term","T","12:30p","2:30p","CSED DML","Sujata Sonawane","TY1-T2"
"CS DAA","Lab  ","3","","3","Full Term","M","2:30p","4:30p","AC NC-11","Sujata Sonawane","TY1-T3"
"CS DAA","Lab  ","4","","4","Full Term","W","11:30a","1:30p","CSED DML","Sujata Sonawane","TY1-T4"
"CS DAA","Lab  ","5","","5","Full Term","F","4:30p","6:30p","CSED DML","Sujata Sonawane","TY1-T5"
"CS DAA","Lab  ","6","","6","Full Term","F","2:30p","4:30p","ENTCX SH","Aparna Biswas","TY2-T1"
"CS DAA","Lab  ","7","","7","Full Term","Th","4:30p","6:30p","AC AC-201NC-05","Aparna Biswas","TY2-T2"
"CS DAA","Lab  ","8","","8","Full Term","Th","1:30p","3:30p","AC AC-203NC-07","Aparna Biswas","TY2-T3"
"CS DAA","Lab  ","9","","9","Full Term","Th","10:30a","12:30p","CSED DML","Aparna Biswas","TY2-T4"
"CS DAA","Lab  ","10","","10","Full Term","F","11:30a","1:30p","AC NC-14","Ankita Mali","TY2-T5"
"CS DAA","Lab  ","11","","11","Full Term","M","11:30a","1:30p","AC NC-01","Ankita Mali","TY2-T6"
"CS DE2-ASP","Lec  ","1","","1","Full Term","MTTh","12:30p","1:30p","AC AC-202NC-06","Santosh Ghotkar","TY1-ASP"
"CS DE2-ASP","Lec  ","2","","2","Full Term","TWTh","2:30p","3:30p","AC AC-202NC-06","Santosh Ghotkar","TY2-ASP"
"CS DE2-ASP","Lab  ","1","","1","Full Term","M","9:30a","11:30a","AC NC-08","Santosh Ghotkar","TY1-T5"
"CS DE2-ASP","Lab  ","2","","2","Full Term","M","2:30p","4:30p","ONL Online3","Santosh Ghotkar","TY2-T5"
"CS DE2-ASP","Lab  ","3","","3","Full Term","F","2:30p","4:30p","AC NC-04","Santosh Ghotkar","TY2-T6"
"CS DE2-BCT","Lec  ","1","","1","Full Term","MWTh","12:30p","1:30p","AC AC-201NC-05","Afsha Akkalkot","TY1-BCT"
"CS DE2-BCT","Lec  ","2","","2","Full Term","MWTh","11:30a","12:30p","AC AC-201NC-05","Afsha Akkalkot","TY2-BCT"
"CS DE2-BCT","Lab  ","1","","1","Full Term","F","10:30a","12:30p","CSED FOSS2","Afsha Akkalkot","TY1-T1"
"CS DE2-BCT","Lab  ","2","","2","Full Term","W","4:30p","6:30p","CSED FOSS2","Afsha Akkalkot","TY1-T2"
"CS DE2-BCT","Lab  ","3","","3","Full Term","W","8:30a","10:30a","CSED FOSS2","Afsha Akkalkot","TY2-T1"
"CS DE2-BCT","Lab  ","4","","4","Full Term","M","2:30p","4:30p","CSED FOSS2","Afsha Akkalkot","TY2-T2"
"CS DE2-DSci","Lec  ","1","","1","Full Term","MWF","8:30a","9:30a","AC AC-202NC-06","Archana Patil","TY1-DSci"
"CS DE2-DSci","Lec  ","2","","2","Full Term","MWF","9:30a","10:30a","AC AC-202NC-06","Archana Patil","TY2-DSci"
"CS DE2-DSci","Lab  ","1","","1","Full Term","T","8:30a","10:30a","CSED FOSS2","Archana Patil","TY1-T3"
"CS DE2-DSci","Lab  ","2","","2","Full Term","Th","8:30a","10:30a","CSED FOSS2","Archana Patil","TY1-T4"
"CS DE2-DSci","Lab  ","3","","3","Full Term","M","11:30a","1:30p","CSED FOSS2","Archana Patil","TY2-T3"
"CS DE2-DSci","Lab  ","4","","4","Full Term","T","10:30a","12:30p","CSED FOSS2","Archana Patil","TY2-T4"
"CS DE4-GIS","Lec  ","1","","1","Full Term","MWTh","8:30a","9:30a","AC AC-203NC-07","Suraj Sawant","BT1-GIS"
"CS DE4-GIS","Lec  ","2","","2","Full Term","MTW","11:30a","12:30p","AC AC-203NC-07","Suraj Sawant","BT2-GIS"
"CS DE4-GIS","Lab  ","1","","1","Full Term","Th","10:30a","12:30p","CSED FOSS2","Suraj Sawant","BT1-B2"
"CS DE4-GIS","Lab  ","2","","2","Full Term","F","11:30a","1:30p","ENTCX CET-D","Suraj Sawant","BT1-B3"
"CS DE4-GIS","Lab  ","3","","3","Full Term","F","2:30p","4:30p","UNAV Unavail-A","Ankita Mali","BT2-B4"
"CS DE4-GIS","Lab  ","4","","4","Full Term","Th","12:30p","2:30p","UNAV Unavail-A","Ankita Mali","BT2-B3"
"CS DE4-GPU","Lec  ","1","","1","Full Term","MWTh","9:30a","10:30a","AC AC-203NC-07","Amit Joshi","BT1-GPU"
"CS DE4-GPU","Lec  ","2","","2","Full Term","MWTh","10:30a","11:30a","AC AC-203NC-07","Amit Joshi","BT2-GPU"
"CS DE4-GPU","Lab  ","1","","1","Full Term","F","2:30p","4:30p","UNAV Unavail-C","Amit Joshi","BT1-B4"
"CS DE4-GPU","Lab  ","2","","2","Full Term","F","12:30p","2:30p","UNAV Unavail-B","Amit Joshi","BT1-B5"
"CS DE4-GPU","Lab  ","3","","3","Full Term","T","8:30a","10:30a","ENTCX CET-D","Soma Ghosh","BT2-B6"
"CS DE4-GPU","Lab  ","4","","4","Full Term","F","9:30a","11:30a","ENTCX CET-C","Amit Joshi","BT2-B5"
"CS DE4-IBCS","Lec  ","1","","1","Full Term","MTW","8:30a","9:30a","NCSE NC28","Deepak Kshirsagar","BT1-IBCSC"
"CS DE4-IBCS","Lec  ","2","","2","Full Term","TThF","11:30a","12:30p","NCSE NC28","Deepak Kshirsagar","BT2-IBCSC"
"CS DE4-IBCS","Lab  ","1","","1","Full Term","F","4:30p","6:30p","AC AC-203NC-07","Deepak Kshirsagar","BT1-B1"
"CS DE4-IBCS","Lab  ","2","","2","Full Term","F","2:30p","4:30p","AC AC-202NC-06","Deepak Kshirsagar","BT2-B1"
"CS DE4-IBCS","Lab  ","3","","3","Full Term","M","9:30a","11:30a","NCSE NC28","Deepak Kshirsagar","BT2-B2"
"CS DMML","Lec  ","1","","1","Full Term","MTTh","3:30p","4:30p","CSED Cogni-4","Vahida Attar","MT-CE"
"CS DMML","Lab  ","1","","1","Full Term","M","12:30p","2:30p","CSED DBMSL","Vahida Attar","MTCE-A"
"CS DMML","Lab  ","2","","2","Full Term","W","9:30a","11:30a","CSED GML","Vahida Attar","MTCE-B"
"CS DS-FY","Lec  ","1","","1","Full Term","MTTh","2:30p","3:30p","AC NC-01","Tina Francis","FY-CSE4"
"CS DS-FY","Lec  ","2","","2","Full Term","MTTh","10:30a","11:30a","AC NC-01","Tina Francis","FY-CSE1"
"CS DS-FY","Lec  ","3","","3","Full Term","TWTh","1:30p","2:30p","AC NC-01","Abhijit A.M.","FY-CSE3"
"CS DS-FY","Lec  ","4","","4","Full Term","MTW","8:30a","9:30a","AC NC-01","Padmashree Shedbalkar","FY-CSE2"
"CS DS-FY","Lec  ","5","","5","Full Term","TWTh","3:30p","4:30p","AC NC-01","Vaishali Kosamkar","FY-AIML"
"CS DS-FY","Rec  ","1","","1","Full Term","W","10:30a","11:30a","AC NC-13","Tina Francis","FY-CSE1-A"
"CS DS-FY","Rec  ","2","","2","Full Term","T","1:30p","2:30p","AC NC-13","Tina Francis","FY-CSE1-C"
"CS DS-FY","Rec  ","3","","3","Full Term","M","1:30p","2:30p","AC NC-13","Tina Francis","FY-CSE3-B"
"CS DS-FY","Rec  ","4","","4","Full Term","F","5:30p","6:30p","AC NC-13","Tina Francis","FY-CSE3-D"
"CS DS-FY","Rec  ","5","","5","Full Term","Th","11:30a","12:30p","AC NC-13","Padmashree Shedbalkar","FY-CSE2-A"
"CS DS-FY","Rec  ","6","","6","Full Term","T","11:30a","12:30p","AC NC-13","Tina Francis","FY-CSE2-C"
"CS DS-FY","Rec  ","7","","7","Full Term","F","12:30p","1:30p","AC NC-13","Padmashree Shedbalkar","FY-CSE1-B"
"CS DS-FY","Rec  ","8","","8","Full Term","T","12:30p","1:30p","AC NC-13","Padmashree Shedbalkar","FY-AIML-C"
"CS DS-FY","Rec  ","9","","9","Full Term","M","3:30p","4:30p","AC NC-13","Tina Francis","FY-CSE4-D"
"CS DS-FY","Rec  ","10","","10","Full Term","Th","12:30p","1:30p","AC NC-13","Abhijit A.M.","FY-AIML-D"
"CS DS-FY","Rec  ","11","","11","Full Term","T","2:30p","3:30p","AC NC-13","Abhijit A.M.","FY-CSE3-A"
"CS DS-FY","Rec  ","12","","12","Full Term","M","12:30p","1:30p","AC NC-13","Abhijit A.M.","FY-CSE3-C"
"CS DS-FY","Rec  ","13","","13","Full Term","F","1:30p","2:30p","AC NC-13","Abhijit A.M.","FY-CSE4-B"
"CS DS-FY","Rec  ","14","","14","Full Term","W","2:30p","3:30p","AC NC-13","Padmashree Shedbalkar","FY-CSE1-D"
"CS DS-FY","Rec  ","15","","15","Full Term","W","8:30a","9:30a","AC NC-13","Tina Francis","FY-CSE4-A"
"CS DS-FY","Rec  ","16","","16","Full Term","W","1:30p","2:30p","AC NC-13","Padmashree Shedbalkar","FY-CSE2-B"
"CS DS-FY","Rec  ","17","","17","Full Term","F","2:30p","3:30p","AC NC-13","Tina Francis","FY-AIML-B"
"CS DS-FY","Rec  ","18","","18","Full Term","W","11:30a","12:30p","AC NC-13","Vaishali Kosamkar","FY-AIML-A"
"CS DS-FY","Rec  ","19","","19","Full Term","M","2:30p","3:30p","AC NC-13","Vaishali Kosamkar","FY-CSE4-C"
"CS DS-FY","Rec  ","20","","20","Full Term","W","12:30p","1:30p","AC NC-13","Vaishali Kosamkar","FY-CSE2-D"
"CS DTL","Lab  ","1","","1","Full Term","M","8:30a","10:30a","ENTCX SH","Soma Ghosh","SY1-S1"
"CS DTL","Lab  ","2","","2","Full Term","Th","8:30a","10:30a","BHAU Bhau1","Soma Ghosh","SY1-S2"
"CS DTL","Lab  ","3","","3","Full Term","W","10:30a","12:30p","AC AC-202NC-06","Soma Ghosh","SY1-S3"
"CS DTL","Lab  ","4","","4","Full Term","F","10:30a","12:30p","AC AC-202NC-06","Soma Ghosh","SY1-S4"
"CS DTL","Lab  ","5","","5","Full Term","F","8:30a","10:30a","AC NC-01","Soma Ghosh","SY1-S5"
"CS DTL","Lab  ","6","","6","Full Term","W","8:30a","10:30a","ONL online1","Pratiksha Deshmukh","SY2-S1"
"CS DTL","Lab  ","7","","7","Full Term","M","10:30a","12:30p","ONL online2","Pratiksha Deshmukh","SY2-S2"
"CS DTL","Lab  ","8","","8","Full Term","W","3:30p","5:30p","AC NC-11","Pratiksha Deshmukh","SY2-S3"
"CS DTL","Lab  ","9","","9","Full Term","F","4:30p","6:30p","AC NC-04","Pratiksha Deshmukh","SY2-S4"
"CS DTL","Lab  ","10","","10","Full Term","Th","10:30a","12:30p","AC AC-202NC-06","Pratiksha Deshmukh","SY2-S6(DSY)"
"CS DTL","Lab  ","11","","11","Full Term","Th","4:30p","6:30p","NCSE NC27","Pratiksha Deshmukh","SY2-S5"
"CS ES","Lec  ","1","","1","Full Term","TThF","1:30p","2:30p","CSED Cogni-1","Prajwal Thakare","MT-CE"
"CS ES","Lab  ","1","","1","Full Term","M","9:30a","11:30a","CSED Cogni-1","Prajwal Thakare","MTCE-A"
"CS ES","Lab  ","2","","2","Full Term","W","1:30p","3:30p","CSED DML","Tina Francis","MTCE-B"
"CS Eco","Lec  ","1","","1","Full Term","TF","3:30p","4:30p","AC NC-09","Applied Science Teacher2","SY-Div1"
"CS Eco","Lec  ","2","","2","Full Term","TTh","2:30p","3:30p","AC NC-10","Applied Science Teacher2","SY-Div2"
"CS FY-Reserve","Lec  ","1","","1","Full Term","MTWThF","8:30a","9:30a","AC AC-201NC-05","FY Reserved Teacher1","FY-Reserved1"
"CS FY-Reserve","Lec  ","2","","2","Full Term","MTWThF","2:30p","3:30p","AC AC-201NC-05","FY Reserved Teacher2","FY-Reserved2"
"CS FY-Reserve","Lec  ","3","","3","Full Term","MTWThF","3:30p","4:30p","AC AC-201NC-05","FY Reserved Teacher3","FY-Reserved3"
"CS MDM-BLOCK","Lec  ","1","","1","Full Term","MT","4:30p","6:30p","AC AC-201NC-05","",""
"CS MDM-DSFA","Lec  ","1","","1","Full Term","MT","4:30p","6:30p","ENTCX SH","Harish Gadade","SY-MDM1"
"CS MDM-DSFA","Lec  ","2","","2","Full Term","MT","4:30p","6:30p","AC AC-203NC-07","Manish Gaikwad","SY-MDM2"
"CS MDM-FDMS","Lec  ","1","","1","Full Term","MT","4:30p","6:30p","AC NC-11","Vijay Khadse","TY-MDM1"
"CS MDM-FDMS","Lec  ","2","","2","Full Term","MT","4:30p","6:30p","NCSE NC27","Sneha Palimkar","TY-MDM2"
"CS OE-DS","Lec  ","1","","1","Full Term","ThF","8:30a","9:30a","NCSE NC28","Sujata Sonawane","MT-OE"
"CS OE-FOS","Lec  ","1","","1","Full Term","WF","5:30p","6:30p","NCSE NC27","Santosh Ghotkar","SY-OE1"
"CS OE-FOS","Lec  ","2","","2","Full Term","TTh","8:30a","9:30a","NCSE NC27","Riti Thakor","SY-OE2"
"CS OOPD","Lec  ","1","","1","Full Term","WThF","2:30p","3:30p","AC NC-09","Charulata Patil (Tenured)","SY-Div1"
"CS OOPD","Lec  ","2","","2","Full Term","TWTh","1:30p","2:30p","AC NC-09","Trishna Ugale","SY-Div2"
"CS OOPD","Lab  ","1","","1","Full Term","T","10:30a","12:30p","AC AC-202NC-06","Charulata Patil (Tenured)","SY1-S1"
"CS OOPD","Lab  ","2","","2","Full Term","F","4:30p","6:30p","AC NC-02","Charulata Patil (Tenured)","SY1-S2"
"CS OOPD","Lab  ","3","","3","Full Term","Th","3:30p","5:30p","AC AC-203NC-07","Charulata Patil (Tenured)","SY1-S3"
"CS OOPD","Lab  ","4","","4","Full Term","Th","11:30a","1:30p","AC AC-203NC-07","Charulata Patil (Tenured)","SY1-S4"
"CS OOPD","Lab  ","5","","5","Full Term","F","10:30a","12:30p","AC NC-02","Anish Khobragade","SY1-S5"
"CS OOPD","Lab  ","6","","6","Full Term","W","10:30a","12:30p","AC NC-12","Trishna Ugale","SY2-S1"
"CS OOPD","Lab  ","7","","7","Full Term","T","8:30a","10:30a","ENTCX SH","Trishna Ugale","SY2-S2"
"CS OOPD","Lab  ","8","","8","Full Term","F","8:30a","10:30a","CSED DML","Trishna Ugale","SY2-S3"
"CS OOPD","Lab  ","9","","9","Full Term","F","12:30p","2:30p","ENTCX SH","Trishna Ugale","SY2-S4"
"CS OOPD","Lab  ","10","","10","Full Term","W","4:30p","6:30p","AC AC-203NC-07","Anish Khobragade","SY2-S5"
"CS OOPD","Lab  ","11","","11","Full Term","W","8:30a","10:30a","BHAU Bhau2","Anish Khobragade","SY2-S6(DSY)"
"CS PP-FY","Lec  ","1","","1","Full Term","W","4:30p","5:30p","AC NC-10","Sneha Chavan","FY-PP4n5"
"CS PP-FY","Lec  ","2","","2","Full Term","F","8:30a","9:30a","AC NC-10","Priti Yadav","FY-PP1"
"CS PP-FY","Lec  ","3","","3","Full Term","Th","8:30a","9:30a","AC NC-10","Ashwini Choudhari","FY-PP2"
"CS PP-FY","Lec  ","4","","4","Full Term","M","11:30a","12:30p","AC NC-10","Akanksha Mudhe","FY-PP3"
"CS PP-FY","Lab  ","1","","1","Full Term","F","8:30a","10:30a","ENTCX CET-A","Swati Atone","FY-PP1-A"
"CS PP-FY","Lab  ","2","","2","Full Term","T","10:30a","12:30p","ENTCX CET-A","Priti Yadav","FY-PP2-A"
"CS PP-FY","Lab  ","3","","3","Full Term","M","10:30a","12:30p","ENTCX CET-A","Priti Yadav","FY-PP3-A"
"CS PP-FY","Lab  ","4","","4","Full Term","W","10:30a","12:30p","ENTCX CET-A","Priti Yadav","FY-PP4-A"
"CS PP-FY","Lab  ","5","","5","Full Term","Th","10:30a","12:30p","ENTCX CET-C","Priti Yadav","FY-PP5-A"
"CS PP-FY","Lab  ","6","","6","Full Term","M","8:30a","10:30a","ENTCX CET-A","Sneha Chavan","FY-PP1-B"
"CS PP-FY","Lab  ","7","","7","Full Term","Th","8:30a","10:30a","ENTCX CET-A","Vaishali Kosamkar","FY-PP2-B"
"CS PP-FY","Lab  ","8","","8","Full Term","T","8:30a","10:30a","ENTCX CET-A","Sneha Chavan","FY-PP3-B"
"CS PP-FY","Lab  ","9","","9","Full Term","W","8:30a","10:30a","ENTCX CET-A","Akanksha Mudhe","FY-PP4-B"
"CS PP-FY","Lab  ","10","","10","Full Term","F","12:30p","2:30p","UNAV Unavail-D","Sneha Chavan","FY-PP5-B"
"CS PP-FY","Lab  ","11","","11","Full Term","M","12:30p","2:30p","ENTCX CET-A","Pranoti Patil","FY-PP1-C"
"CS PP-FY","Lab  ","12","","12","Full Term","W","12:30p","2:30p","ENTCX CET-A","Ashwini Choudhari","FY-PP2-C"
"CS PP-FY","Lab  ","13","","13","Full Term","F","9:30a","11:30a","CSED FOSS1","Ashwini Choudhari","FY-PP3-C"
"CS PP-FY","Lab  ","14","","14","Full Term","T","10:30a","12:30p","ENTCX CET-C","Ashwini Choudhari","FY-PP4-C"
"CS PP-FY","Lab  ","15","","15","Full Term","M","9:30a","11:30a","UNAV Unavail-C","Ashwini Choudhari","FY-PP5-C"
"CS PP-FY","Lab  ","16","","16","Full Term","Th","10:30a","12:30p","ENTCX CET-A","Akanksha Mudhe","FY-PP1-D"
"CS PP-FY","Lab  ","17","","17","Full Term","W","12:30p","2:30p","UNAV Unavail-C","Akanksha Mudhe","FY-PP2-D"
"CS PP-FY","Lab  ","18","","18","Full Term","M","2:30p","4:30p","ENTCX CET-A","Akanksha Mudhe","FY-PP3-D"
"CS PP-FY","Lab  ","19","","19","Full Term","F","10:30a","12:30p","ENTCX CET-A","Riti Thakor","FY-PP5-D"
"CS PP-FY","Lab  ","20","","20","Full Term","T","12:30p","2:30p","ENTCX CET-A","Pranoti Patil","FY-PP5-E"
"CS PP-FY","Lab  ","21","","21","Full Term","F","12:30p","2:30p","ENTCX CET-A","Vaishali Kosamkar","FY-PP5-F"
"CS PP-FY","Lab  ","22","","22","Full Term","F","4:30p","6:30p","ENTCX CET-A","Vaishali Kosamkar","FY-PP5-A_"
"CS PP-FY","Lab  ","23","","23","Full Term","Th","12:30p","2:30p","ENTCX CET-A","Vaishali Kosamkar","FY-PP4-A_"
"CS PP-FY","Lab  ","24","","24","Full Term","T","12:30p","2:30p","UNAV Unavail-A","Vaishali Kosamkar","FY-PP3-A_"
"CS PPS-FY","Lec  ","1","","1","Full Term","","","","","Harish Gadade","FY-PPS1n2"
"CS PPS-FY","Lab  ","1","","1","Full Term","W","11:30a","1:30p","AC NC-08","Harish Gadade","FY-PPS1-A"
"CS PPS-FY","Lab  ","2","","2","Full Term","W","1:30p","3:30p","AC NC-12","Sneha Chavan","FY-PPS1-B"
"CS PPS-FY","Lab  ","3","","3","Full Term","F","10:30a","12:30p","AC AC-203NC-07","Harish Gadade","FY-PPS1-C"
"CS PPS-FY","Lab  ","4","","4","Full Term","M","9:30a","11:30a","AC NC-14","Pranoti Patil","FY-PPS1-D"
"CS PPS-FY","Lab  ","5","","5","Full Term","F","4:30p","6:30p","AC NC-03","Pranoti Patil","FY-PPS2-A"
"CS PPS-FY","Lab  ","6","","6","Full Term","T","11:30a","1:30p","AC AC-201NC-05","Sneha Chavan","FY-PPS2-B"
"CS PPS-FY","Lab  ","7","","7","Full Term","F","12:30p","2:30p","AC AC-201NC-05","Ashwini Choudhari","FY-PPS2-C"
"CS PPS-FY","Lab  ","8","","8","Full Term","W","3:30p","5:30p","AC AC-202NC-06","Harish Gadade","FY-PPS2-D"
"CS SIC","Lec  ","1","","1","Full Term","MWTh","8:30a","9:30a","CSED Cogni-1","S. B. Mane","MT-CE"
"CS SIC","Lab  ","1","","1","Full Term","F","2:30p","4:30p","CSED DML","S. B. Mane","MTCE-A"
"CS SIC","Lab  ","2","","2","Full Term","W","12:30p","2:30p","CSED Cogni-2","S. B. Mane","MTCE-B"
"CS TOC","Lec  ","1","","1","Full Term","MT","2:30p","3:30p","AC NC-09","Jibi Abraham","SY-Div1"
"CS TOC","Lec  ","2","","2","Full Term","ThF","3:30p","4:30p","AC NC-10","Abhijit A.M.","SY-Div2"
"CS TOC","Rec  ","1","","1","Full Term","T","9:30a","10:30a","CSED DML","Jibi Abraham","SY1-S1"
"CS TOC","Rec  ","2","","2","Full Term","F","10:30a","11:30a","CSED DML","Jibi Abraham","SY1-S2"
"CS TOC","Rec  ","3","","3","Full Term","F","12:30p","1:30p","CSED DML","Jibi Abraham","SY1-S3"
"CS TOC","Rec  ","4","","4","Full Term","F","1:30p","2:30p","CSED DML","Jibi Abraham","SY1-S4"
"CS TOC","Rec  ","5","","5","Full Term","M","11:30a","12:30p","CSED DML","Jibi Abraham","SY1-S5"
"CS TOC","Rec  ","6","","6","Full Term","T","8:30a","9:30a","CSED DML","Abhijit A.M.","SY2-S1"
"CS TOC","Rec  ","7","","7","Full Term","W","10:30a","11:30a","CSED DML","Abhijit A.M.","SY2-S2"
"CS TOC","Rec  ","8","","8","Full Term","W","9:30a","10:30a","CSED DML","Abhijit A.M.","SY2-S3"
"CS TOC","Rec  ","9","","9","Full Term","M","10:30a","11:30a","CSED DML","Abhijit A.M.","SY2-S4"
"CS TOC","Rec  ","10","","10","Full Term","W","8:30a","9:30a","CSED DML","Abhijit A.M.","SY2-S5"
"CS TOC","Rec  ","11","","11","Full Term","F","11:30a","12:30p","CSED DML","Abhijit A.M.","SY2-S6(DSY)"
"CS WD-FY","Lec  ","1","","1","Full Term","W","5:30p","6:30p","AC NC-10","Sneha Palimkar","FY-WD1"
"CS WD-FY","Lec  ","2","","2","Full Term","W","5:30p","6:30p","AC NC-09","Manish Gaikwad","FY-WD2"
"CS WD-FY","Lab  ","1","","1","Full Term","W","9:30a","11:30a","AC NC-03","Sneha Palimkar","FY-WD1-A"
"CS WD-FY","Lab  ","2","","2","Full Term","F","4:30p","6:30p","AC NC-01","Riti Thakor","FY-WD1-B"
"CS WD-FY","Lab  ","3","","3","Full Term","F","8:30a","10:30a","ONL online2","Akanksha Mudhe","FY-WD1-C"
"CS WD-FY","Lab  ","4","","4","Full Term","Th","8:30a","10:30a","ENTCX SH","Priti Yadav","FY-WD1-D"
"CS WD-FY","Lab  ","5","","5","Full Term","Th","4:30p","6:30p","AC NC-11","Manish Gaikwad","FY-WD2-A"
"CS WD-FY","Lab  ","6","","6","Full Term","F","1:30p","3:30p","ONL online1","Manish Gaikwad","FY-WD2-B"
"CS WD-FY","Lab  ","7","","7","Full Term","M","11:30a","1:30p","AC NC-04","Manish Gaikwad","FY-WD2-C"
"MT MT-AMLD","Lec  ","1","","1","Full Term","WThF","4:30p","5:30p","ENTCX SH","Archana Patil","MT-DS"
"MT MT-AMLD","Lab  ","1","","1","Full Term","T","12:30p","2:30p","CSED ISL","Harish Gadade","MTDS-A"
"MT MT-AMLD","Lab  ","2","","2","Full Term","Th","9:30a","11:30a","CSED ISL","Harish Gadade","MTDS-B"
"MT MT-AMLD","Lab  ","3","","3","Full Term","Th","12:30p","2:30p","CSED ISL","Vahida Attar","MTDS-C"
"MT MT-AMLD","Lab  ","4","","4","Full Term","T","9:30a","11:30a","CSED ISL","Harish Gadade","MTDS-D"
"MT MT-BDAAS","Lec  ","1","","1","Full Term","WThF","5:30p","6:30p","ENTCX SH","Prajwal Thakare","MT-DS"
"MT MT-BDAAS","Lab  ","1","","1","Full Term","W","9:30a","11:30a","CSED Cogni-1","Prajwal Thakare","MTDS-A"
"MT MT-BDAAS","Lab  ","2","","2","Full Term","F","8:30a","10:30a","CSED Cogni-1","Prajwal Thakare","MTDS-B"
"MT MT-BDAAS","Lab  ","3","","3","Full Term","F","10:30a","12:30p","CSED Cogni-1","Prajwal Thakare","MTDS-C"
"MT MT-BDAAS","Lab  ","4","","4","Full Term","Th","9:30a","11:30a","CSED Cogni-1","Prajwal Thakare","MTDS-D"
"MT MT-DFDR","Lec  ","1","","1","Full Term","TWTh","1:30p","2:30p","ENTCX SH","Vinod Pachghare","MT-CSIS"
"MT MT-DFDR","Lab  ","1","","1","Full Term","M","12:30p","2:30p","CSED DML","Vinod Pachghare","MTCSIS-A"
"MT MT-DFDR","Lab  ","2","","2","Full Term","M","8:30a","10:30a","CSED DML","Vinod Pachghare","MTCSIS-B"
"MT MT-DL","Lec  ","1","","1","Full Term","TWTh","1:30p","2:30p","NCSE NC27","Suraj Sawant","MT-AI"
"MT MT-DL","Lab  ","1","","1","Full Term","F","4:30p","6:30p","UNAV Unavail-D","Suraj Sawant","MT-AI"
"MT MT-ETCSA","Lec  ","1","","1","Full Term","Th","5:30p","6:30p","AC AC-203NC-07","Applied Science Teacher1","MT-CE"
"MT MT-ETCSA","Lab  ","1","","1","Full Term","F","4:30p","6:30p","BHAU Bhau1","Applied Science Teacher1","MT-CE"
"MT MT-ETCSA","Lab  ","2","","2","Full Term","T","8:30a","10:30a","BHAU Bhau1","Applied Science Teacher1","MT-CSIS"
"MT MT-ETCSA","Lab  ","3","","3","Full Term","M","12:30p","2:30p","BHAU Bhau1","Applied Science Teacher1","MT-DS"
"MT MT-ETCSA","Lab  ","4","","4","Full Term","F","10:30a","12:30p","BHAU Bhau1","Applied Science Teacher1","MT-AI"
"MT MT-GAN","Lec  ","1","","1","Full Term","MTTh","2:30p","3:30p","NCSE NC27","Sneha Chavan","MT-AI"
"MT MT-GAN","Lab  ","1","","1","Full Term","Th","8:30a","10:30a","ENTCX CET-D","Anish Khobragade","MT-AI"
"MT MT-MLOS","Lec  ","1","","1","Full Term","TWTh","3:30p","4:30p","ENTCX SH","Ashwini Gavade","MT-DS"
"MT MT-MLOS","Lab  ","1","","1","Full Term","F","1:30p","3:30p","CSED Cogni-4","Ashwini Gavade","MTDS-A"
"MT MT-MLOS","Lab  ","2","","2","Full Term","W","9:30a","11:30a","CSED Cogni-4","Ashwini Gavade","MTDS-B"
"MT MT-MLOS","Lab  ","3","","3","Full Term","W","11:30a","1:30p","CSED Cogni-4","Ashwini Gavade","MTDS-C"
"MT MT-MLOS","Lab  ","4","","4","Full Term","F","9:30a","11:30a","CSED Cogni-4","Ashwini Gavade","MTDS-D"
"MT MT-NLP","Lab  ","1","","1","Full Term","Th","8:30a","11:30a","CSED DBMSL","Yashodhara Haribhakta","MTAI-DE3A"
"MT MT-NLP","Lab  ","2","","2","Full Term","W","8:30a","11:30a","ENTCX SH","Yashodhara Haribhakta","MTDS-DE3B"
"MT MT-NS","Lec  ","1","","1","Full Term","TWTh","12:30p","1:30p","ENTCX SH","Jibi Abraham","MT-CSIS"
"MT MT-NS","Lab  ","1","","1","Full Term","M","9:30a","11:30a","CSED Cogni-4","Tanuja Pattanshetti","MTCSIS-A"
"MT MT-NS","Lab  ","2","","2","Full Term","Th","8:30a","10:30a","CSED DML","Tanuja Pattanshetti","MTCSIS-B"
"MT MT-OT","Lec  ","1","","1","Full Term","TWTh","3:30p","4:30p","NCSE NC27","Ankita Mali","MT-AI"
"MT MT-OT","Lab  ","1","","1","Full Term","F","8:30a","10:30a","ENTCX CET-D","Ankita Mali","MT-AI"
"MT MT-WNS","Lec  ","1","","1","Full Term","TWTh","2:30p","3:30p","ENTCX SH","Deepak Kshirsagar","MT-CSIS"
"MT MT-WNS","Lab  ","1","","1","Full Term","W","4:30p","6:30p","CSED Cogni-3","Deepak Kshirsagar","MTCSIS-A"
"MT MT-WNS","Lab  ","2","","2","Full Term","M","2:30p","4:30p","CSED Cogni-3","Deepak Kshirsagar","MTCSIS-B"
"MT PSEC2-BT","Lab  ","1","","1","Full Term","T","8:30a","11:30a","CSED Cogni-1","Afsha Akkalkot","MTCSIS-A"
"MT PSEC2-CCS","Lab  ","1","","1","Full Term","T","8:30a","11:30a","CSED DBMSL","Tanuja Pattanshetti","MTCSIS-B"
"MT PSEC2-CCV","Lab  ","1","","1","Full Term","F","8:30a","11:30a","ENTCX SH","Tanuja Pattanshetti","MTCE-A"
"MT PSEC2-CV","Lab  ","1","","1","Full Term","M","1:30p","4:30p","AC AC-202NC-06","Aparna Biswas","MTDS-A,B"
"MT PSEC2-EAI","Lab  ","1","","1","Full Term","M","8:30a","11:30a","NCSE NC27","Charulata Patil (Tenured)","MTAI-DE2A"
"MT PSEC2-MLPS","Lab  ","1","","1","Full Term","T","8:30a","11:30a","AC AC-203NC-07","Akanksha Mudhe","MTAI-DE2B"
"MT PSEC2-MTRP","Lab  ","1","","1","Full Term","M","1:30p","4:30p","ENTCX SH","Abhiraj Ubale","MTDS-C,D"
"MT PSEC2-NLP","Lab  ","1","","1","Full Term","W","3:30p","6:30p","CSED Cogni-2","Yashodhara Haribhakta","MTCE-B"
"MT PSEC3-DL","Lab  ","1","","1","Full Term","W","3:30p","6:30p","CSED Cogni-34","Suraj Sawant","MTCE-DE3A"
"MT PSEC3-GAN","Lab  ","1","","1","Full Term","M","10:30a","1:30p","ENTCX SH","Sneha Chavan","MTDS-DE3A"
"MT PSEC3-GNN","Lab  ","1","","1","Full Term","F","12:30p","3:30p","AC AC-203NC-07","Pratiksha Deshmukh","MTAI-DE3B"
"MT PSEC3-ITS","Lab  ","1","","1","Full Term","F","8:30a","11:30a","CSED PL","Siddharth Gaikwad","MTCSIS-DE3B"
"MT PSEC3-MT","Lab  ","1","","1","Full Term","W","3:30p","6:30p","CSED ASL","Soma Ghosh","MTCE-DE3B"
"MT PSEC3-WS","Lab  ","1","","1","Full Term","F","3:30p","6:30p","CSED Cogni-1","Trishna Ugale","MTCSIS-DE3A"
