"COURSE","ITYPE","SECTION","SUFFIX","EXT_ID","DATE_PATTERN","DAY","START_TIME","END_TIME","ROOM","INSTRUCTOR"
"CS AI","Lab","1","","","Full Term","M","2:30p","4:30p","ONL Online3","Attar, V"
"CS AI","Lab","2","","","Full Term","F","10:30a","12:30p","CSED DML","Attar, V"
"CS AI","Lab","3","","","Full Term","Th","3:30p","5:30p","AC AC-201NC-05","Attar, V"
"CS AI","Lab","4","","","Full Term","T","12:30p","2:30p","CSED DML","Attar, V"
"CS AI","Lab","5","","","Full Term","Th","12:30p","2:30p","BHAU Bhau2","Attar, V"
"CS AI","Lab","6","","","Full Term","W","2:30p","4:30p","AC NC-08","Khobragade, A"
"CS AI","Lab","7","","","Full Term","F","12:30p","2:30p","BHAU Bhau2","Khobragade, A"
"CS AI","Lab","8","","","Full Term","M","12:30p","2:30p","BHAU Bhau2","Khobragade, A"
"CS AI","Lab","9","","","Full Term","W","11:30a","1:30p","AC NC-01","Khobragade, A"
"CS AI","Lab","10","","","Full Term","W","4:30p","6:30p","AC AC-203NC-07","Khobragade, A"
"CS AI","Lab","11","","","Full Term","F","4:30p","6:30p","ONL Online3","Khobragade, A"
"CS AI","Lec","1","","","Full Term","MTTh","10:30a","11:30a","AC NC-09","Attar, V"
"CS AI","Lec","2","","","Full Term","MTTh","3:30p","4:30p","AC NC-10","Khobragade, A"
"CS AIMA","Lec","1","","","Full Term","MTTh","3:30p","4:30p","AC NC-02","Gavade, A"
"CS AIMA","Lec","2","","","Full Term","TThF","10:30a","11:30a","AC NC-02","Atone, S"
"CS AIMA","Lec","3","","","Full Term","MTTh","8:30a","9:30a","AC NC-02","Patil, P"
"CS CN","Lab","1","","","Full Term","F","10:30a","12:30p","AC NC-09","Kumbhar, S"
"CS CN","Lab","2","","","Full Term","T","2:30p","4:30p","CSED DML","Kumbhar, S"
"CS CN","Lab","3","","","Full Term","M","2:30p","4:30p","CSED DML","Kumbhar, S"
"CS CN","Lab","4","","","Full Term","W","12:30p","2:30p","BHAU Bhau2","Kumbhar, S"
"CS CN","Lab","5","","","Full Term","M","12:30p","2:30p","ENTCX SH","Thakor, R"
"CS CN","Lab","6","","","Full Term","F","4:30p","6:30p","BHAU Bhau1","Gaikwad, S"
"CS CN","Lab","7","","","Full Term","Th","11:30a","1:30p","AC AC-202NC-06","Pachghare, V"
"CS CN","Lab","8","","","Full Term","Th","9:30a","11:30a","ENTCX SH","Gaikwad, S"
"CS CN","Lab","9","","","Full Term","T","12:30p","2:30p","BHAU Bhau2","Gaikwad, S"
"CS CN","Lab","10","","","Full Term","F","8:30a","10:30a","BHAU Bhau2","Gaikwad, S"
"CS CN","Lab","11","","","Full Term","W","10:30a","12:30p","AC NC-03","Pachghare, V"
"CS CN","Lec","1","","","Full Term","MTW","9:30a","10:30a","AC NC-09","Kumbhar, S"
"CS CN","Lec","2","","","Full Term","TWF","8:30a","9:30a","AC NC-09","Kumbhar, S"
"CS CO","Lec","1","","","Full Term","WThF","2:30p","3:30p","AC NC-10","Joshi, A"
"CS CO","Lec","2","","","Full Term","MTTh","3:30p","4:30p","AC NC-09","Joshi, A"
"CS CoI","Lec","1","","","Full Term","ThF","8:30a","9:30a","AC NC-10","Teacher1, C"
"CS CoI","Lec","2","","","Full Term","TF","2:30p","3:30p","AC NC-09","Teacher1, C"
"CS DAA","Lab","1","","","Full Term","F","2:30p","4:30p","AC AC-201NC-05","Sonawane, S"
"CS DAA","Lab","2","","","Full Term","F","4:30p","6:30p","AC AC-203NC-07","Sonawane, S"
"CS DAA","Lab","3","","","Full Term","Th","4:30p","6:30p","AC NC-14","Sonawane, S"
"CS DAA","Lab","4","","","Full Term","Th","12:30p","2:30p","CSED DML","Sonawane, S"
"CS DAA","Lab","5","","","Full Term","T","12:30p","2:30p","AC AC-203NC-07","Sonawane, S"
"CS DAA","Lab","6","","","Full Term","W","4:30p","6:30p","AC AC-202NC-06","Biswas, A"
"CS DAA","Lab","7","","","Full Term","F","12:30p","2:30p","CSED DML","Biswas, A"
"CS DAA","Lab","8","","","Full Term","W","11:30a","1:30p","AC NC-11","Biswas, A"
"CS DAA","Lab","9","","","Full Term","M","10:30a","12:30p","AC NC-12","Biswas, A"
"CS DAA","Lab","10","","","Full Term","W","2:30p","4:30p","CSED DML","Mali, A"
"CS DAA","Lab","11","","","Full Term","Th","8:30a","10:30a","AC AC-203NC-07","Mali, A"
"CS DAA","Lec","1","","","Full Term","MTW","8:30a","9:30a","AC NC-10","Sonawane, S"
"CS DAA","Lec","2","","","Full Term","MTTh","9:30a","10:30a","AC NC-10","Biswas, A"
"CS DE2-ASP","Lab","1","","","Full Term","F","10:30a","12:30p","AC AC-202NC-06","Ghotkar, S"
"CS DE2-ASP","Lab","2","","","Full Term","W","4:30p","6:30p","AC NC-02","Ghotkar, S"
"CS DE2-ASP","Lab","3","","","Full Term","W","9:30a","11:30a","BHAU Bhau1","Ghotkar, S"
"CS DE2-ASP","Lec","1","","","Full Term","MTW","3:30p","4:30p","AC AC-202NC-06","Ghotkar, S"
"CS DE2-ASP","Lec","2","","","Full Term","MTTh","8:30a","9:30a","AC AC-202NC-06","Ghotkar, S"
"CS DE2-BCT","Lab","1","","","Full Term","F","12:30p","2:30p","CSED FOSS2","Akkalkot, A"
"CS DE2-BCT","Lab","2","","","Full Term","M","8:30a","10:30a","CSED FOSS2","Akkalkot, A"
"CS DE2-BCT","Lab","3","","","Full Term","F","2:30p","4:30p","CSED FOSS2","Akkalkot, A"
"CS DE2-BCT","Lab","4","","","Full Term","T","9:30a","11:30a","CSED FOSS2","Akkalkot, A"
"CS DE2-BCT","Lec","1","","","Full Term","WThF","5:30p","6:30p","AC AC-201NC-05","Akkalkot, A"
"CS DE2-BCT","Lec","2","","","Full Term","MTW","3:30p","4:30p","AC AC-201NC-05","Akkalkot, A"
"CS DE2-DSci","Lab","1","","","Full Term","F","4:30p","6:30p","CSED FOSS2","Patil, A"
"CS DE2-DSci","Lab","2","","","Full Term","Th","1:30p","3:30p","CSED FOSS2","Patil, A"
"CS DE2-DSci","Lab","3","","","Full Term","Th","9:30a","11:30a","CSED FOSS2","Patil, A"
"CS DE2-DSci","Lab","4","","","Full Term","F","10:30a","12:30p","CSED FOSS2","Patil, A"
"CS DE2-DSci","Lec","1","","","Full Term","MTW","11:30a","12:30p","AC AC-202NC-06","Patil, A"
"CS DE2-DSci","Lec","2","","","Full Term","MTW","12:30p","1:30p","AC AC-202NC-06","Patil, A"
"CS DE4-GIS","Lab","1","","","Full Term","M","11:30a","1:30p","CSED FOSS1","Sawant, S"
"CS DE4-GIS","Lab","2","","","Full Term","F","8:30a","10:30a","ENTCX CET-A","Sawant, S"
"CS DE4-GIS","Lab","3","","","Full Term","Th","1:30p","3:30p","CSED FOSS1","Mali, A"
"CS DE4-GIS","Lab","4","","","Full Term","F","1:30p","3:30p","ENTCX CET-D","Mali, A"
"CS DE4-GIS","Lec","1","","","Full Term","TThF","11:30a","12:30p","AC AC-203NC-07","Sawant, S"
"CS DE4-GIS","Lec","2","","","Full Term","WThF","3:30p","4:30p","AC AC-203NC-07","Sawant, S"
"CS DE4-GPU","Lab","1","","","Full Term","F","11:30a","1:30p","UNAV Unavail-A","Joshi, A"
"CS DE4-GPU","Lab","2","","","Full Term","W","4:30p","6:30p","UNAV Unavail-A","Joshi, A"
"CS DE4-GPU","Lab","3","","","Full Term","W","1:30p","3:30p","CSED FOSS1","Ghosh, S"
"CS DE4-GPU","Lab","4","","","Full Term","F","4:30p","6:30p","UNAV Unavail-D","Joshi, A"
"CS DE4-GPU","Lec","1","","","Full Term","MWF","8:30a","9:30a","AC AC-203NC-07","Joshi, A"
"CS DE4-GPU","Lec","2","","","Full Term","MWTh","12:30p","1:30p","AC AC-203NC-07","Joshi, A"
"CS DE4-IBCS","Lab","1","","","Full Term","F","3:30p","5:30p","ONL online1","Kshirsagar, D"
"CS DE4-IBCS","Lab","2","","","Full Term","W","4:30p","6:30p","BHAU Bhau2","Kshirsagar, D"
"CS DE4-IBCS","Lab","3","","","Full Term","Th","2:30p","4:30p","AC NC-14","Kshirsagar, D"
"CS DE4-IBCS","Lec","1","","","Full Term","TWTh","11:30a","12:30p","NCSE NC28","Kshirsagar, D"
"CS DE4-IBCS","Lec","2","","","Full Term","WThF","10:30a","11:30a","NCSE NC28","Kshirsagar, D"
"CS DMML","Lab","1","","","Full Term","F","4:30p","6:30p","CSED Cogni-2","Attar, V"
"CS DMML","Lab","2","","","Full Term","W","12:30p","2:30p","CSED DML","Attar, V"
"CS DMML","Lec","1","","","Full Term","MTTh","8:30a","9:30a","CSED Cogni-2","Attar, V"
"CS DS-FY","Lec","1","","","Full Term","TWTh","8:30a","9:30a","AC NC-01","Francis, T"
"CS DS-FY","Lec","2","","","Full Term","MTTh","9:30a","10:30a","AC NC-01","Francis, T"
"CS DS-FY","Lec","3","","","Full Term","MTTh","10:30a","11:30a","AC NC-01","A.M., A"
"CS DS-FY","Lec","4","","","Full Term","WThF","2:30p","3:30p","AC NC-01","Shedbalkar, P"
"CS DS-FY","Lec","5","","","Full Term","MTW","3:30p","4:30p","AC NC-01","Kosamkar, V"
"CS DS-FY","Rec","1","","","Full Term","F","10:30a","11:30a","AC NC-13","Francis, T"
"CS DS-FY","Rec","2","","","Full Term","Th","11:30a","12:30p","AC NC-13","Francis, T"
"CS DS-FY","Rec","3","","","Full Term","Th","10:30a","11:30a","AC NC-13","Francis, T"
"CS DS-FY","Rec","4","","","Full Term","F","1:30p","2:30p","AC NC-13","Francis, T"
"CS DS-FY","Rec","5","","","Full Term","M","3:30p","4:30p","AC NC-13","Shedbalkar, P"
"CS DS-FY","Rec","6","","","Full Term","T","3:30p","4:30p","AC NC-13","Francis, T"
"CS DS-FY","Rec","7","","","Full Term","F","8:30a","9:30a","AC NC-13","Shedbalkar, P"
"CS DS-FY","Rec","8","","","Full Term","W","4:30p","5:30p","AC NC-13","Shedbalkar, P"
"CS DS-FY","Rec","9","","","Full Term","W","3:30p","4:30p","AC NC-13","Francis, T"
"CS DS-FY","Rec","10","","","Full Term","Th","9:30a","10:30a","AC NC-13","A.M., A"
"CS DS-FY","Rec","11","","","Full Term","F","2:30p","3:30p","AC NC-13","A.M., A"
"CS DS-FY","Rec","12","","","Full Term","T","2:30p","3:30p","AC NC-13","A.M., A"
"CS DS-FY","Rec","13","","","Full Term","Th","1:30p","2:30p","AC NC-13","A.M., A"
"CS DS-FY","Rec","14","","","Full Term","T","9:30a","10:30a","AC NC-13","Shedbalkar, P"
"CS DS-FY","Rec","15","","","Full Term","T","1:30p","2:30p","AC NC-13","Francis, T"
"CS DS-FY","Rec","16","","","Full Term","Th","3:30p","4:30p","AC NC-13","Shedbalkar, P"
"CS DS-FY","Rec","17","","","Full Term","F","3:30p","4:30p","AC NC-13","Francis, T"
"CS DS-FY","Rec","18","","","Full Term","W","2:30p","3:30p","AC NC-13","Kosamkar, V"
"CS DS-FY","Rec","19","","","Full Term","W","1:30p","2:30p","AC NC-13","Kosamkar, V"
"CS DS-FY","Rec","20","","","Full Term","Th","2:30p","3:30p","AC NC-13","Kosamkar, V"
"CS DTL","Lab","1","","","Full Term","M","12:30p","2:30p","AC NC-12","Ghosh, S"
"CS DTL","Lab","2","","","Full Term","Th","12:30p","2:30p","AC NC-14","Ghosh, S"
"CS DTL","Lab","3","","","Full Term","F","11:30a","1:30p","AC NC-08","Ghosh, S"
"CS DTL","Lab","4","","","Full Term","T","12:30p","2:30p","AC NC-14","Ghosh, S"
"CS DTL","Lab","5","","","Full Term","W","10:30a","12:30p","ONL online2","Ghosh, S"
"CS DTL","Lab","6","","","Full Term","F","4:30p","6:30p","AC NC-04","Deshmukh, P"
"CS DTL","Lab","7","","","Full Term","W","4:30p","6:30p","AC NC-08","Deshmukh, P"
"CS DTL","Lab","8","","","Full Term","M","2:30p","4:30p","AC NC-14","Deshmukh, P"
"CS DTL","Lab","9","","","Full Term","W","8:30a","10:30a","AC NC-08","Deshmukh, P"
"CS DTL","Lab","10","","","Full Term","T","2:30p","4:30p","AC AC-203NC-07","Deshmukh, P"
"CS DTL","Lab","11","","","Full Term","M","10:30a","12:30p","CSED DML","Deshmukh, P"
"CS ES","Lab","1","","","Full Term","F","2:30p","4:30p","CSED Cogni-3","Thakare, P"
"CS ES","Lab","2","","","Full Term","Th","2:30p","4:30p","CSED DML","Francis, T"
"CS ES","Lec","1","","","Full Term","MTTh","9:30a","10:30a","CSED ISL","Thakare, P"
"CS Eco","Lec","1","","","Full Term","ThF","10:30a","11:30a","AC NC-10","Teacher2, A S"
"CS Eco","Lec","2","","","Full Term","WF","3:30p","4:30p","AC NC-10","Teacher2, A S"
"CS FY-Reserve","Lec","1","","","Full Term","MTWThF","8:30a","9:30a","AC AC-201NC-05","Teacher1, F R"
"CS FY-Reserve","Lec","2","","","Full Term","MTWThF","9:30a","10:30a","AC AC-201NC-05","Teacher2, F R"
"CS FY-Reserve","Lec","3","","","Full Term","MTWThF","12:30p","1:30p","AC AC-201NC-05","Teacher3, F R"
"CS MDM-BLOCK","Lec","1","","","Full Term","MT","4:30p","6:30p","AC AC-201NC-05",""
"CS MDM-DSFA","Lec","1","","","Full Term","MT","4:30p","6:30p","ENTCX SH","Gadade, H"
"CS MDM-DSFA","Lec","2","","","Full Term","MT","4:30p","6:30p","AC AC-203NC-07","Gaikwad, M"
"CS MDM-FDMS","Lec","1","","","Full Term","MT","4:30p","6:30p","AC NC-14","Khadse, V"
"CS MDM-FDMS","Lec","2","","","Full Term","MT","4:30p","6:30p","NCSE NC27","Palimkar, S"
"CS OE-DS","Lec","1","","","Full Term","MT","10:30a","11:30a","NCSE NC28","Sonawane, S"
"CS OE-FOS","Lec","1","","","Full Term","TTh","12:30p","1:30p","NCSE NC27","Ghotkar, S"
"CS OE-FOS","Lec","2","","","Full Term","WF","11:30a","12:30p","NCSE NC27","Thakor, R"
"CS OOPD","Lab","1","","","Full Term","M","11:30a","1:30p","ONL Online3","(Tenured), C P"
"CS OOPD","Lab","2","","","Full Term","W","8:30a","10:30a","AC NC-13","(Tenured), C P"
"CS OOPD","Lab","3","","","Full Term","T","2:30p","4:30p","AC NC-14","(Tenured), C P"
"CS OOPD","Lab","4","","","Full Term","M","8:30a","10:30a","CSED DML","(Tenured), C P"
"CS OOPD","Lab","5","","","Full Term","T","10:30a","12:30p","AC NC-13","Khobragade, A"
"CS OOPD","Lab","6","","","Full Term","F","4:30p","6:30p","CSED DML","Ugale, T"
"CS OOPD","Lab","7","","","Full Term","F","8:30a","10:30a","CSED DML","Ugale, T"
"CS OOPD","Lab","8","","","Full Term","W","10:30a","12:30p","CSED DML","Ugale, T"
"CS OOPD","Lab","9","","","Full Term","F","11:30a","1:30p","AC NC-14","Ugale, T"
"CS OOPD","Lab","10","","","Full Term","T","8:30a","10:30a","AC AC-203NC-07","Khobragade, A"
"CS OOPD","Lab","11","","","Full Term","Th","10:30a","12:30p","CSED DML","Khobragade, A"
"CS OOPD","Lec","1","","","Full Term","TWTh","1:30p","2:30p","AC NC-09","(Tenured), C P"
"CS OOPD","Lec","2","","","Full Term","MWTh","2:30p","3:30p","AC NC-09","Ugale, T"
"CS PP-FY","Lab","1","","","Full Term","M","12:30p","2:30p","UNAV Unavail-C","Atone, S"
"CS PP-FY","Lab","2","","","Full Term","M","2:30p","4:30p","ENTCX CET-A","Yadav, P"
"CS PP-FY","Lab","3","","","Full Term","W","4:30p","6:30p","ENTCX CET-A","Yadav, P"
"CS PP-FY","Lab","4","","","Full Term","T","1:30p","3:30p","CSED FOSS1","Yadav, P"
"CS PP-FY","Lab","5","","","Full Term","F","11:30a","1:30p","ENTCX CET-A","Yadav, P"
"CS PP-FY","Lab","6","","","Full Term","Th","2:30p","4:30p","ENTCX CET-A","Chavan, S"
"CS PP-FY","Lab","7","","","Full Term","T","12:30p","2:30p","ENTCX CET-A","Kosamkar, V"
"CS PP-FY","Lab","8","","","Full Term","M","1:30p","3:30p","ENTCX CET-C","Chavan, S"
"CS PP-FY","Lab","9","","","Full Term","T","2:30p","4:30p","ENTCX CET-A","Mudhe, A"
"CS PP-FY","Lab","10","","","Full Term","W","8:30a","10:30a","ENTCX CET-A","Chavan, S"
"CS PP-FY","Lab","11","","","Full Term","F","2:30p","4:30p","ENTCX CET-A","Patil, P"
"CS PP-FY","Lab","12","","","Full Term","F","4:30p","6:30p","ENTCX CET-A","Choudhari, A"
"CS PP-FY","Lab","13","","","Full Term","F","9:30a","11:30a","UNAV Unavail-A","Choudhari, A"
"CS PP-FY","Lab","14","","","Full Term","W","2:30p","4:30p","ENTCX CET-A","Choudhari, A"
"CS PP-FY","Lab","15","","","Full Term","M","9:30a","11:30a","ENTCX CET-D","Choudhari, A"
"CS PP-FY","Lab","16","","","Full Term","M","8:30a","10:30a","ENTCX CET-A","Mudhe, A"
"CS PP-FY","Lab","17","","","Full Term","W","4:30p","6:30p","ENTCX CET-B","Mudhe, A"
"CS PP-FY","Lab","18","","","Full Term","W","11:30a","1:30p","ENTCX CET-A","Mudhe, A"
"CS PP-FY","Lab","19","","","Full Term","Th","4:30p","6:30p","ENTCX CET-A","Thakor, R"
"CS PP-FY","Lab","20","","","Full Term","Th","12:30p","2:30p","ENTCX CET-A","Patil, P"
"CS PP-FY","Lab","21","","","Full Term","F","12:30p","2:30p","UNAV Unavail-D","Kosamkar, V"
"CS PP-FY","Lab","22","","","Full Term","F","2:30p","4:30p","UNAV Unavail-D","Kosamkar, V"
"CS PP-FY","Lab","23","","","Full Term","M","11:30a","1:30p","ENTCX CET-A","Kosamkar, V"
"CS PP-FY","Lab","24","","","Full Term","W","10:30a","12:30p","UNAV Unavail-D","Kosamkar, V"
"CS PP-FY","Lec","1","","","Full Term","T","2:30p","3:30p","AC NC-10","Chavan, S"
"CS PP-FY","Lec","2","","","Full Term","T","10:30a","11:30a","AC NC-10","Yadav, P"
"CS PP-FY","Lec","3","","","Full Term","F","1:30p","2:30p","AC NC-10","Choudhari, A"
"CS PP-FY","Lec","4","","","Full Term","F","4:30p","5:30p","AC NC-10","Mudhe, A"
"CS PPS-FY","Lab","1","","","Full Term","Th","1:30p","3:30p","AC AC-203NC-07","Gadade, H"
"CS PPS-FY","Lab","2","","","Full Term","W","1:30p","3:30p","AC AC-203NC-07","Chavan, S"
"CS PPS-FY","Lab","3","","","Full Term","W","9:30a","11:30a","AC NC-02","Gadade, H"
"CS PPS-FY","Lab","4","","","Full Term","M","1:30p","3:30p","AC NC-01","Patil, P"
"CS PPS-FY","Lab","5","","","Full Term","W","3:30p","5:30p","AC NC-03","Patil, P"
"CS PPS-FY","Lab","6","","","Full Term","F","10:30a","12:30p","AC AC-201NC-05","Chavan, S"
"CS PPS-FY","Lab","7","","","Full Term","T","1:30p","3:30p","AC NC-02","Choudhari, A"
"CS PPS-FY","Lab","8","","","Full Term","Th","4:30p","6:30p","NCSE NC27","Gadade, H"
"CS PPS-FY","Lec","1","","","Full Term","W","5:30p","6:30p","AC NC-09","Gadade, H"
"CS PPS-FY","Lec","2","","","Full Term","W","10:30a","11:30a","AC NC-09",""
"CS SIC","Lab","1","","","Full Term","F","2:30p","4:30p","CSED DML","Mane, S B"
"CS SIC","Lab","2","","","Full Term","W","12:30p","2:30p","CSED DBMSL","Mane, S B"
"CS SIC","Lec","1","","","Full Term","MTTh","11:30a","12:30p","ENTCX SH","Mane, S B"
"CS TOC","Lec","1","","","Full Term","ThF","9:30a","10:30a","AC NC-09","Abraham, J"
"CS TOC","Lec","2","","","Full Term","MTh","8:30a","9:30a","AC NC-09","A.M., A"
"CS TOC","Rec","1","","","Full Term","T","11:30a","12:30p","CSED DML","Abraham, J"
"CS TOC","Rec","2","","","Full Term","Th","4:30p","5:30p","AC AC-203NC-07","Abraham, J"
"CS TOC","Rec","3","","","Full Term","T","10:30a","11:30a","CSED DML","Abraham, J"
"CS TOC","Rec","4","","","Full Term","W","5:30p","6:30p","CSED DML","Abraham, J"
"CS TOC","Rec","5","","","Full Term","T","9:30a","10:30a","CSED DML","Abraham, J"
"CS TOC","Rec","6","","","Full Term","W","8:30a","9:30a","CSED DML","A.M., A"
"CS TOC","Rec","7","","","Full Term","M","12:30p","1:30p","CSED DML","A.M., A"
"CS TOC","Rec","8","","","Full Term","T","8:30a","9:30a","CSED DML","A.M., A"
"CS TOC","Rec","9","","","Full Term","W","4:30p","5:30p","CSED DML","A.M., A"
"CS TOC","Rec","10","","","Full Term","M","1:30p","2:30p","CSED DML","A.M., A"
"CS TOC","Rec","11","","","Full Term","W","9:30a","10:30a","CSED DML","A.M., A"
"CS WD-FY","Lab","1","","","Full Term","Th","1:30p","3:30p","AC NC-02","Palimkar, S"
"CS WD-FY","Lab","2","","","Full Term","F","3:30p","5:30p","AC NC-01","Thakor, R"
"CS WD-FY","Lab","3","","","Full Term","F","9:30a","11:30a","AC NC-04","Mudhe, A"
"CS WD-FY","Lab","4","","","Full Term","W","12:30p","2:30p","AC NC-02","Yadav, P"
"CS WD-FY","Lab","5","","","Full Term","M","1:30p","3:30p","AC NC-13","Gaikwad, M"
"CS WD-FY","Lab","6","","","Full Term","Th","3:30p","5:30p","AC NC-01","Gaikwad, M"
"CS WD-FY","Lab","7","","","Full Term","M","10:30a","12:30p","AC NC-02","Gaikwad, M"
"CS WD-FY","Lec","1","","","Full Term","M","2:30p","3:30p","AC NC-10","Palimkar, S"
"CS WD-FY","Lec","2","","","Full Term","F","5:30p","6:30p","AC NC-10","Gaikwad, M"
"MT MT-AMLD","Lab","1","","","Full Term","Th","10:30a","12:30p","CSED ISL","Gadade, H"
"MT MT-AMLD","Lab","2","","","Full Term","F","8:30a","10:30a","CSED ISL","Gadade, H"
"MT MT-AMLD","Lab","3","","","Full Term","W","9:30a","11:30a","CSED ISL","Attar, V"
"MT MT-AMLD","Lab","4","","","Full Term","T","10:30a","12:30p","CSED ISL","Gadade, H"
"MT MT-AMLD","Lec","1","","","Full Term","MTW","2:30p","3:30p","AC AC-202NC-06","Patil, A"
"MT MT-BDAAS","Lab","1","","","Full Term","Th","10:30a","12:30p","CSED Cogni-1","Thakare, P"
"MT MT-BDAAS","Lab","2","","","Full Term","W","8:30a","10:30a","CSED Cogni-1","Thakare, P"
"MT MT-BDAAS","Lab","3","","","Full Term","T","10:30a","12:30p","CSED Cogni-1","Thakare, P"
"MT MT-BDAAS","Lab","4","","","Full Term","W","10:30a","12:30p","CSED Cogni-1","Thakare, P"
"MT MT-BDAAS","Lec","1","","","Full Term","MTW","1:30p","2:30p","AC AC-202NC-06","Thakare, P"
"MT MT-DFDR","Lab","1","","","Full Term","Th","8:30a","10:30a","CSED DML","Pachghare, V"
"MT MT-DFDR","Lab","2","","","Full Term","F","1:30p","3:30p","CSED GML","Pachghare, V"
"MT MT-DFDR","Lec","1","","","Full Term","MTW","3:30p","4:30p","ENTCX SH","Pachghare, V"
"MT MT-DL","Lab","1","","","Full Term","W","11:30a","1:30p","ENTCX CET-C","Sawant, S"
"MT MT-DL","Lec","1","","","Full Term","MTTh","8:30a","9:30a","NCSE NC27","Sawant, S"
"MT MT-ETCSA","Lab","1","","","Full Term","Th","1:30p","3:30p","BHAU Bhau1","Teacher1, A S"
"MT MT-ETCSA","Lab","2","","","Full Term","M","1:30p","3:30p","BHAU Bhau1","Teacher1, A S"
"MT MT-ETCSA","Lab","3","","","Full Term","T","1:30p","3:30p","BHAU Bhau1","Teacher1, A S"
"MT MT-ETCSA","Lab","4","","","Full Term","F","11:30a","1:30p","BHAU Bhau1","Teacher1, A S"
"MT MT-ETCSA","Lec","1","","","Full Term","Th","5:30p","6:30p","AC AC-203NC-07","Teacher1, A S"
"MT MT-GAN","Lab","1","","","Full Term","F","8:30a","10:30a","UNAV Unavail-C","Khobragade, A"
"MT MT-GAN","Lec","1","","","Full Term","MTTh","9:30a","10:30a","NCSE NC27","Chavan, S"
"MT MT-MLOS","Lab","1","","","Full Term","Th","8:30a","10:30a","CSED Cogni-4","Gavade, A"
"MT MT-MLOS","Lab","2","","","Full Term","T","8:30a","10:30a","CSED Cogni-4","Gavade, A"
"MT MT-MLOS","Lab","3","","","Full Term","M","10:30a","12:30p","CSED Cogni-4","Gavade, A"
"MT MT-MLOS","Lab","4","","","Full Term","M","8:30a","10:30a","CSED Cogni-4","Gavade, A"
"MT MT-MLOS","Lec","1","","","Full Term","WThF","5:30p","6:30p","ENTCX SH","Gavade, A"
"MT MT-NLP","Lab","1","","","Full Term","W","3:30p","6:30p","CSED Cogni-4","Haribhakta, Y"
"MT MT-NLP","Lab","2","","","Full Term","F","1:30p","4:30p","ENTCX SH","Haribhakta, Y"
"MT MT-NS","Lab","1","","","Full Term","M","9:30a","11:30a","CSED GML","Pattanshetti, T"
"MT MT-NS","Lab","2","","","Full Term","Th","4:30p","6:30p","CSED DML","Pattanshetti, T"
"MT MT-NS","Lec","1","","","Full Term","TWTh","1:30p","2:30p","ENTCX SH","Abraham, J"
"MT MT-OT","Lab","1","","","Full Term","T","1:30p","3:30p","CSED FOSS2","Mali, A"
"MT MT-OT","Lec","1","","","Full Term","MTTh","11:30a","12:30p","NCSE NC27","Mali, A"
"MT MT-WNS","Lab","1","","","Full Term","M","9:30a","11:30a","CSED Cogni-3","Kshirsagar, D"
"MT MT-WNS","Lab","2","","","Full Term","F","12:30p","2:30p","CSED Cogni-3","Kshirsagar, D"
"MT MT-WNS","Lec","1","","","Full Term","MTW","2:30p","3:30p","ENTCX SH","Kshirsagar, D"
"MT PSEC2-BT","Lab","1","","","Full Term","F","8:30a","11:30a","CSED GML","Akkalkot, A"
"MT PSEC2-CCS","Lab","1","","","Full Term","W","9:30a","12:30p","CSED GML","Pattanshetti, T"
"MT PSEC2-CCV","Lab","1","","","Full Term","F","9:30a","12:30p","CSED Cogni-2","Pattanshetti, T"
"MT PSEC2-CV","Lab","1","","","Full Term","Th","1:30p","4:30p","AC AC-202NC-06","Biswas, A"
"MT PSEC2-EAI","Lab","1","","","Full Term","F","1:30p","4:30p","NCSE NC27","(Tenured), C P"
"MT PSEC2-MLPS","Lab","1","","","Full Term","M","1:30p","4:30p","AC AC-203NC-07","Mudhe, A"
"MT PSEC2-MTRP","Lab","1","","","Full Term","Th","2:30p","5:30p","ENTCX SH","Ubale, A"
"MT PSEC2-NLP","Lab","1","","","Full Term","M","1:30p","4:30p","CSED Cogni-2","Haribhakta, Y"
"MT PSEC3-DL","Lab","1","","","Full Term","W","8:30a","11:30a","ENTCX SH","Sawant, S"
"MT PSEC3-GAN","Lab","1","","","Full Term","F","1:30p","4:30p","AC AC-202NC-06","Chavan, S"
"MT PSEC3-GNN","Lab","1","","","Full Term","F","12:30p","3:30p","AC AC-203NC-07","Deshmukh, P"
"MT PSEC3-ITS","Lab","1","","","Full Term","W","9:30a","12:30p","CSED PL","Gaikwad, S"
"MT PSEC3-MT","Lab","1","","","Full Term","W","3:30p","6:30p","CSED ASL","Ghosh, S"
"MT PSEC3-WS","Lab","1","","","Full Term","T","8:30a","11:30a","ENTCX SH","Ugale, T"
